{
  "eye": {
    "orientation": [
      0.7081464529037476,
      0.10619117319583893,
      -0.0017632476519793272,
      -0.6980322599411011
    ],
    "magnitude": 0.5773502588272095,
    "position": [
      -45.19570541381836,
      296.4758605957031,
      -7.6757941246032715
    ]
  },
  "radius": 150,
  "type": "PERSPECTIVE"
}